test,date,commit,apk_md5,device,world,splat_scale,fps_avg,fps_min,fps_max,gpu_ms,variable
T11,2026-09-26T13:44,2d1c335,ee1b804d743177ec0dcdf8e5dcc01323,Quest 3S,celestial-peach-blossom-paradise-500k,0.60,44,36,49,17.3,"Pipeline check: committed code + launch-option world (should match T10)"
T11,2026-09-26T13:44,2d1c335,ee1b804d743177ec0dcdf8e5dcc01323,Quest 3S,celestial-peach-blossom-paradise-500k,1.00,31,30,33,25.2,"Pipeline check: committed code + launch-option world (should match T10)"
T11,2026-09-26T13:44,2d1c335,ee1b804d743177ec0dcdf8e5dcc01323,Quest 3S,celestial-peach-blossom-paradise-500k,0.90,36,36,37,22.8,"Pipeline check: committed code + launch-option world (should match T10)"
T11,2026-09-26T13:44,2d1c335,ee1b804d743177ec0dcdf8e5dcc01323,Quest 3S,celestial-peach-blossom-paradise-500k,0.80,36,36,37,20.2,"Pipeline check: committed code + launch-option world (should match T10)"
T11,2026-09-26T13:44,2d1c335,ee1b804d743177ec0dcdf8e5dcc01323,Quest 3S,celestial-peach-blossom-paradise-500k,0.70,36,36,37,18.4,"Pipeline check: committed code + launch-option world (should match T10)"
T12,2026-09-26T14:14,384592d,8a6abe3df0c0907c638899b073b77534,Quest 3S,celestial-peach-blossom-paradise-500k,0.60,48,48,49,16.0,"Props material: glTF PBR -> URP Simple Lit"
T12,2026-09-26T14:14,384592d,8a6abe3df0c0907c638899b073b77534,Quest 3S,celestial-peach-blossom-paradise-500k,1.00,36,36,37,24.0,"Props material: glTF PBR -> URP Simple Lit"
T12,2026-09-26T14:14,384592d,8a6abe3df0c0907c638899b073b77534,Quest 3S,celestial-peach-blossom-paradise-500k,0.90,36,36,37,21.5,"Props material: glTF PBR -> URP Simple Lit"
T12,2026-09-26T14:14,384592d,8a6abe3df0c0907c638899b073b77534,Quest 3S,celestial-peach-blossom-paradise-500k,0.80,36,36,37,19.3,"Props material: glTF PBR -> URP Simple Lit"
T12,2026-09-26T14:14,384592d,8a6abe3df0c0907c638899b073b77534,Quest 3S,celestial-peach-blossom-paradise-500k,0.70,39,36,48,17.5,"Props material: glTF PBR -> URP Simple Lit"
T13-base-peach,2026-09-26T14:29,644d912,8a6abe3df0c0907c638899b073b77534,Quest 3S,celestial-peach-blossom-paradise-500k,0.60,48,48,49,15.9,"Baseline before sort test (= T12 build)"
T13-base-peach,2026-09-26T14:29,644d912,8a6abe3df0c0907c638899b073b77534,Quest 3S,celestial-peach-blossom-paradise-500k,1.00,36,36,37,24.0,"Baseline before sort test (= T12 build)"
T13-base-peach,2026-09-26T14:29,644d912,8a6abe3df0c0907c638899b073b77534,Quest 3S,celestial-peach-blossom-paradise-500k,0.90,36,36,37,21.8,"Baseline before sort test (= T12 build)"
T13-base-peach,2026-09-26T14:29,644d912,8a6abe3df0c0907c638899b073b77534,Quest 3S,celestial-peach-blossom-paradise-500k,0.80,37,36,37,19.0,"Baseline before sort test (= T12 build)"
T13-base-peach,2026-09-26T14:29,644d912,8a6abe3df0c0907c638899b073b77534,Quest 3S,celestial-peach-blossom-paradise-500k,0.70,44,38,48,17.4,"Baseline before sort test (= T12 build)"
T13-base-intro,2026-09-26T14:31,644d912,8a6abe3df0c0907c638899b073b77534,Quest 3S,grand-conservatory-garden-path-cut-500k,0.60,73,72,73,11.7,"Baseline before sort test (= T12 build)"
T13-base-intro,2026-09-26T14:31,644d912,8a6abe3df0c0907c638899b073b77534,Quest 3S,grand-conservatory-garden-path-cut-500k,1.00,36,35,37,22.7,"Baseline before sort test (= T12 build)"
T13-base-intro,2026-09-26T14:31,644d912,8a6abe3df0c0907c638899b073b77534,Quest 3S,grand-conservatory-garden-path-cut-500k,0.90,36,36,37,19.1,"Baseline before sort test (= T12 build)"
T13-base-intro,2026-09-26T14:31,644d912,8a6abe3df0c0907c638899b073b77534,Quest 3S,grand-conservatory-garden-path-cut-500k,0.80,48,45,49,16.0,"Baseline before sort test (= T12 build)"
T13-base-intro,2026-09-26T14:31,644d912,8a6abe3df0c0907c638899b073b77534,Quest 3S,grand-conservatory-garden-path-cut-500k,0.70,65,64,65,13.7,"Baseline before sort test (= T12 build)"
T14-peach,2026-09-26T14:36,b007009,997d77e69f32cf81b5a39e085c35ce8d,Quest 3S,celestial-peach-blossom-paradise-500k,0.60,62,62,62,14.3,"Sort splats every other frame (SortNthPass 2 -> 4)"
T14-peach,2026-09-26T14:36,b007009,997d77e69f32cf81b5a39e085c35ce8d,Quest 3S,celestial-peach-blossom-paradise-500k,1.00,36,35,37,22.4,"Sort splats every other frame (SortNthPass 2 -> 4)"
T14-peach,2026-09-26T14:36,b007009,997d77e69f32cf81b5a39e085c35ce8d,Quest 3S,celestial-peach-blossom-paradise-500k,0.90,36,36,37,19.6,"Sort splats every other frame (SortNthPass 2 -> 4)"
T14-peach,2026-09-26T14:36,b007009,997d77e69f32cf81b5a39e085c35ce8d,Quest 3S,celestial-peach-blossom-paradise-500k,0.80,41,41,42,17.1,"Sort splats every other frame (SortNthPass 2 -> 4)"
T14-peach,2026-09-26T14:36,b007009,997d77e69f32cf81b5a39e085c35ce8d,Quest 3S,celestial-peach-blossom-paradise-500k,0.70,54,54,55,14.9,"Sort splats every other frame (SortNthPass 2 -> 4)"
T14-intro,2026-09-26T14:39,b007009,997d77e69f32cf81b5a39e085c35ce8d,Quest 3S,grand-conservatory-garden-path-cut-500k,0.60,73,72,73,10.5,"Sort splats every other frame (SortNthPass 2 -> 4)"
T14-intro,2026-09-26T14:39,b007009,997d77e69f32cf81b5a39e085c35ce8d,Quest 3S,grand-conservatory-garden-path-cut-500k,1.00,37,37,37,21.1,"Sort splats every other frame (SortNthPass 2 -> 4)"
T14-intro,2026-09-26T14:39,b007009,997d77e69f32cf81b5a39e085c35ce8d,Quest 3S,grand-conservatory-garden-path-cut-500k,0.90,37,36,37,17.8,"Sort splats every other frame (SortNthPass 2 -> 4)"
T14-intro,2026-09-26T14:39,b007009,997d77e69f32cf81b5a39e085c35ce8d,Quest 3S,grand-conservatory-garden-path-cut-500k,0.80,58,57,58,15.0,"Sort splats every other frame (SortNthPass 2 -> 4)"
T14-intro,2026-09-26T14:39,b007009,997d77e69f32cf81b5a39e085c35ce8d,Quest 3S,grand-conservatory-garden-path-cut-500k,0.70,72,72,73,12.4,"Sort splats every other frame (SortNthPass 2 -> 4)"
